{
    "root_group": {
        "name": "",
        "path": "",
        "id": "d41d8cd98f00b204e9800998ecf8427e",
        "groups": {},
        "checks": {}
    },
    "metrics": {
        "http_req_duration": {
            "max": 1153.315,
            "p(90)": 420.78180000000003,
            "p(95)": 438.1602,
            "avg": 268.9195384615384,
            "min": 199.984,
            "med": 218.6685
        },
        "http_req_sending": {
            "avg": 0.04414102564102563,
            "min": 0.005,
            "med": 0.0345,
            "max": 0.577,
            "p(90)": 0.0636,
            "p(95)": 0.067
        },
        "vus_max": {
            "value": 10,
            "min": 10,
            "max": 10
        },
        "http_req_duration{expected_response:true}": {
            "avg": 268.9195384615384,
            "min": 199.984,
            "med": 218.6685,
            "max": 1153.315,
            "p(90)": 420.78180000000003,
            "p(95)": 438.1602
        },
        "http_req_waiting": {
            "max": 1153.141,
            "p(90)": 255.3362000000001,
            "p(95)": 426.06834999999995,
            "avg": 245.82706410256404,
            "min": 199.823,
            "med": 216.357
        },
        "iteration_duration": {
            "avg": 1333.0896779102563,
            "min": 1201.153459,
            "med": 1220.7384585,
            "max": 2633.023583,
            "p(90)": 1687.5231213000002,
            "p(95)": 1730.3818687
        },
        "http_req_tls_handshaking": {
            "med": 0,
            "max": 242.738,
            "p(90)": 217.0922,
            "p(95)": 225.56374999999997,
            "avg": 29.138448717948716,
            "min": 0
        },
        "http_req_connecting": {
            "avg": 28.254948717948725,
            "min": 0,
            "med": 0,
            "max": 229.161,
            "p(90)": 211.7331,
            "p(95)": 228.7988
        },
        "http_req_failed": {
            "passes": 0,
            "fails": 78,
            "value": 0
        },
        "data_received": {
            "count": 952252,
            "rate": 82454.15610502365
        },
        "http_req_blocked": {
            "p(95)": 489.9489,
            "avg": 62.92708974358973,
            "min": 0.002,
            "med": 0.011,
            "max": 513.921,
            "p(90)": 475.4691
        },
        "http_req_receiving": {
            "min": 0.044,
            "med": 0.1495,
            "max": 745.373,
            "p(90)": 1.2533999999999998,
            "p(95)": 201.9263,
            "avg": 23.04833333333333
        },
        "data_sent": {
            "count": 11084,
            "rate": 959.7479094484255
        },
        "vus": {
            "value": 1,
            "min": 1,
            "max": 10
        },
        "iterations": {
            "count": 78,
            "rate": 6.753909864397076
        },
        "http_reqs": {
            "count": 78,
            "rate": 6.753909864397076
        }
    }
}